{"headPosition":{"x":-1.3582791835720088e-10,"y":1.192121317217243e-7,"z":-0.1235584169626236},"headRotation":{"x":0.0,"y":0.0,"z":0.0,"w":1.0},"leftArm":{"shoulderPosition":{"x":1.6901193777840718e-9,"y":-0.05724850296974182,"z":-0.01788652129471302},"shoulderRotation":{"x":0.30892854928970339,"y":-0.6908041834831238,"z":-0.5769473314285278,"w":0.30738329887390139},"elbowPosition":{"x":2.9700700565626904e-8,"y":-0.015000952407717705,"z":2.8517405326056179e-8},"elbowRotation":{"x":0.7002930045127869,"y":0.2253183275461197,"z":0.451606810092926,"w":0.5048492550849915},"handPosition":{"x":0.0,"y":0.0,"z":0.0},"handRotation":{"x":0.25706422328948977,"y":-0.029918985441327096,"z":0.7371558547019959,"w":0.6241987943649292}},"rightArm":{"shoulderPosition":{"x":3.5323282077115438e-9,"y":-0.052412454038858417,"z":-0.0284433476626873},"shoulderRotation":{"x":0.12242137640714646,"y":-0.6976693868637085,"z":-0.704259991645813,"w":0.0478326641023159},"elbowPosition":{"x":0.0009045742335729301,"y":-0.012849765829741955,"z":-1.2275714311726916e-7},"elbowRotation":{"x":-0.6554041504859924,"y":-0.32991424202919009,"z":-0.4234868586063385,"w":-0.5312824845314026},"handPosition":{"x":-3.0186967592271688e-8,"y":0.00001819070712372195,"z":-2.383583463938521e-8},"handRotation":{"x":0.27562379837036135,"y":-0.0017544771544635296,"z":-0.6260794997215271,"w":0.7294196486473084}},"time":0.0}